topic,priority,senddate
登記制,跨部_財務房市,2024-08-17
乾癬,跨部_關鍵字_15932,2024-08-13
加氫5分鐘,跨部_科技生活,2024-08-27
奧運金牌,跨部_房產財務,2024-08-21
企業ESG,跨部_財務政治,2024-08-14
氣候星座,跨部_藝文政治,2024-08-21
安東青創,跨部_講座展覽,2024-08-20
半導體群山,跨部_科技生活,2024-08-22
開放銀行,跨部_財務金融,2024-08-06
金秋加拿大,跨部_vip+money+orange訂戶,2024-08-12
肌少症,跨部_關鍵字_16949,2024-08-12
EDN-COVER-01,跨部_關鍵字_17262,2024-08-27
性能跑旅,跨部_財務金融,2024-08-07
擺脫無聊,跨部_講座展覽,2024-08-16
琅琅書店,跨部_關鍵字_17275,2024-09-02
世界遺產,跨部_講座展覽,2024-08-26
死線邊緣,跨部_關鍵字_17149,2024-08-26
模範父親,跨部_親子教育,2024-08-23
EDN-COVER-02,跨部_關鍵字_17256,2024-08-27
景氣過山車,跨部_政治社會,2024-08-15
老派,跨部_百貨文教,2024-08-14
有錢人,跨部_財務金融,2024-08-13
房價便宜,跨部_財務房市,2024-08-03
EDN-COVER-03,跨部_關鍵字_17258,2024-08-27
房市黑天鵝,跨部_房產財務,2024-08-20
癌症病人,跨部_關鍵字_17069,2024-08-20
金秋加拿大,跨部_講座休閒,2024-08-12
發FB用_關鍵字2,跨部_關鍵字_15322,2099-01-01
秋色尾瀨2,跨部_財務金融,2024-08-28
一刻鯨選,跨部_關鍵字_16825,2024-08-06
政府2,跨部_健康照護,2024-08-21
經濟COVER,跨部_關鍵字_17262,2024-08-27
琅琅書店,跨部_關鍵字_17029,2024-08-19
CR需求17253,跨部_關鍵字_17253,2024-08-28
文創CR需求,跨部_關鍵字_16988,2024-08-22
微醺系列,跨部_飲食休閒,2024-08-01
琅琅書店,跨部_關鍵字_16771,2024-08-05
台灣首場,跨部_財務政治,2024-08-05
淨零新北,跨部_展覽科技,2024-08-22
秋色尾瀨3,跨部_財務金融,2024-08-28
零經驗,跨部_健康照護,2024-08-27
願景工程,跨部_財務政治,2024-08-01
橘世代,跨部_休閒遊憩,2024-08-02
淨零新北市,跨部_講座科技,2024-08-04
發FB用_關鍵字1,跨部_關鍵字_15330,2099-01-01
健康長壽,跨部_綜合主題,2024-09-02
第三人生,跨部_關鍵字_17207,2024-08-26
美國降息,跨部_財政社會,2024-08-29
願景環保傘,跨部_財務政治,2024-08-08
關羽,跨部_關鍵字_16859,2024-08-09
失智,跨部_財務金融,2024-08-05
肌少症,跨部_綜合主題,2024-08-20
古典芭蕾,跨部_健康照護,2024-08-30
健康_巴金森,跨部_舊名單重發,2024-08-08
health_lal,跨部_health_lal,2024-08-19
政府,跨部_關鍵字_17069,2024-08-21
不敢提離婚,跨部_房產,2024-08-23
園藝系列,跨部_飲食,2024-08-02
園藝系列,跨部_健康綜合,2024-08-03
2024退休力,跨部_健康照護,2024-08-15
退休力檢測,跨部_健康照護,2024-08-07
聖誕奇遇,跨部_vip+money+orange訂戶,2024-08-16
聖誕奇遇,跨部_休閒,2024-08-16
文創CR需求2,跨部_關鍵字_17150,2024-08-22
文創CR需求3,跨部_藝文娛樂,2024-08-22
汪精衛,跨部_關鍵字_16784,2024-08-06
分享故事,跨部_關鍵字_17266,2024-08-31
聚焦經選,跨部_房產政治,2024-08-02
慢病,跨部_關鍵字_16222,2024-08-19
舒適圈,跨部_休閒遊憩,2024-08-09
一刻鯨選,跨部_關鍵字_17078,2024-08-19
琅琅書店,跨部_關鍵字_16889,2024-08-12
金秋加拿大,跨部_關鍵字_16933,2024-08-12
聚焦經選,跨部_房產政治,2024-08-07
風雨欲來,跨部_房產財務,2024-08-16
發FB用,跨部_藝文,2099-01-01
老派社會,跨部_百貨文教,2024-08-28
限貸令,跨部_房市財金,2024-08-28
秋色尾瀨,跨部_關鍵字_17190,2024-08-28
世界遺產,跨部_關鍵字_17129,2024-08-26
健康長壽 ,跨部_關鍵字_17207,2024-08-26